asteroid,crater_id,crater,lat,lon,diameter_m,diameter_min_m,diameter_max_m,diameter_range_m,diameter_range_pct,depth_m,depth_min_m,depth_max_m,depth_range_m,depth_range_pct,d_to_D,d_to_D_min,d_to_D_max,global_scaling_predicted_depth_m,depth_ratio_to_global_scaling,log10_depth_residual
Bennu,1,crater_1,-3.5,125.9,43.60544561305252,41.55706024169922,46.74095505541106,5.183894813711838,11.888182177319916,4.124253571254239,4.037776229174483,4.182165328308031,0.14438909913354792,3.5009753071423617,0.09458115868949443,0.08638625856890876,0.10063669816835502,2.5495188546771828,1.617659568858708,0.2088871310450816
Bennu,2,crater_2,54.9,41.7,20.77832234742183,18.917932510375977,22.025570996306307,3.1076384859303303,14.956156873347982,1.3295969311547915,1.3090942049178125,1.34942318441,0.0403289794921875,3.033173328488407,0.06398961903292291,0.05943519943874998,0.07133037310868287,1.238214222570801,1.0738020181954138,0.030924215878204223
Bennu,3,crater_3,11.8,88.1,21.175955196952103,19.06209945678711,23.76423671705564,4.702137260268529,22.205077487816546,1.397433244624608,1.3509130904946005,1.44717859187125,0.09626550137664958,6.888737028902539,0.06599150931457125,0.056846475086870664,0.07591916069643517,1.2612956280681378,1.1079347406959503,0.04451418043725314
Bennu,4,crater_4,12.9,111.3,52.04570886732494,45.93046951293945,59.058989181897225,13.128519668957772,25.22498003135096,3.33596947263131,3.299480621719852,3.358364288712039,0.058883666992187056,1.7651140837851083,0.06409691683007666,0.055867543068807035,0.07311844020592749,3.0292067448306206,1.1012683364462277,0.041893152612946516
Bennu,5,crater_5,27.8,63.7,12.62223169410631,11.101312637329102,13.923286127817317,2.821973490488215,22.35716756653958,0.7425479359063445,0.7212036880467565,0.7703404211642635,0.04913673311750699,6.617314619228094,0.05882857753697089,0.051798381605177565,0.06939183196894472,0.7618701323849354,0.9746384644084874,-0.011156453050435458
Bennu,6,crater_6,-7.7,269.2,168.78248790840897,150.70333862304688,182.32691696360504,31.62357834055817,18.736291147526472,12.461903070716724,12.01454547243145,13.023933465627806,1.0093879931963556,8.099790116071754,0.07383409988291716,0.06589562129671571,0.086421001582483,9.531238830027013,1.3074798872374291,0.11643501690529012
Bennu,7,crater_7,-43.3,325.2,64.44205094309858,61.65472030639648,66.7050087491121,5.050288442715619,7.83694554845089,4.912641732200778,4.8408438114848025,4.978907511295716,0.13806369981091393,2.8103759104994572,0.07623347892106307,0.07257091936966785,0.08075468490575848,3.730185694985135,1.3169965610037426,0.11958464091542997
Bennu,8,crater_8,-1.2,152.6,71.20488238995577,64.27980041503906,78.09041098532339,13.810610570284325,19.39559494621462,5.341025273420295,5.261822025659228,5.443340520347704,0.18151849468847558,3.398570225679431,0.07500925630590896,0.06738115421941056,0.08468197606715291,4.111097753845076,1.2991725308465065,0.11366682945567297
Bennu,9,crater_9,0.6,114.1,74.40736783338757,64.49040222167969,83.05049741528987,18.56009519361018,24.943894313221524,7.009321786787932,6.925696788059497,7.12478214286449,0.19908535480499268,2.8402941234664714,0.09420198551416513,0.08339139443594053,0.11047817810739839,4.291145963307806,1.6334382113128667,0.21310271089997856
Bennu,10,crater_10,11.4,55.7,7.207741613163958,5.845676422119141,8.238356827043637,2.392680404924496,33.195979175427034,0.1870905040718658,0.0782413702235373,0.2426188055935938,0.1643774353700565,87.85984953406044,0.025956882767574588,0.00949720579796912,0.04150397457436432,0.44136042259586367,0.42389506284114015,-0.37274164168451746
Bennu,11,crater_11,0.4,302.2,56.85585245060874,52.73500442504883,62.32647025843454,9.591465833385712,16.869795139766687,2.118977645811166,2.106508372768189,2.127138255580689,0.0206298828125,0.973577180169009,0.03726929690574851,0.03379797322122728,0.04033636251237917,3.301666661853662,0.6417903025442017,-0.1926068493834875
Bennu,12,crater_12,56.0,77.5,27.12390734375825,23.644481658935547,29.99765558430085,6.353173925365304,23.42278287876284,1.3685778274373586,1.3420454774405357,1.3857466493155357,0.043701171875,3.1931813448146964,0.05045651461983391,0.044738345423996725,0.058607613789319196,1.6053328091960384,0.8525196891246194,-0.06929558209566083
Bennu,13,crater_13,53.3,68.1,21.454024522068,18.35728073120117,24.009492977880416,5.652212246679248,26.345696775284654,1.485918735508837,1.4599935046869916,1.509692202970541,0.04969869828354945,3.3446444341742994,0.06926060581222857,0.060809010254071656,0.08223942451370671,1.2774301010379194,1.1632094267244206,0.06565791307979184
Bennu,14,crater_14,9.0,61.3,18.13268477477969,13.885719299316406,22.572393767878925,8.686674468562519,47.90616820651183,0.6559306873171522,0.5755932764522811,0.7734582999768236,0.1978650235245425,30.16553842507933,0.0361739419983449,0.025499877521690438,0.055701709310435284,1.0843424706267875,0.6049109991403376,-0.2183085186129584
Bennu,15,crater_15,22.3,48.9,10.409451613341576,8.971580505371094,12.182699568675297,3.211119063304203,30.84810980041042,0.6483387453678043,0.6202524009667627,0.6665475669823877,0.046295166015625,7.140582966295131,0.06228366002843437,0.050912558211776274,0.07429544510951441,0.6314259798906813,1.0267850326336765,0.011479529368338875
Bennu,16,crater_16,25.7,50.8,10.980663383824512,9.557602882385254,13.4186356621948,3.8610327798095465,35.162108561648374,0.3841513388222874,0.3770610881712457,0.3941356731321832,0.0170745849609375,4.444754771201354,0.03498434706487554,0.028099808181957314,0.041237921054303135,0.6651618515258056,0.5775306234732012,-0.2384249824266112
Bennu,17,crater_17,19.8,252.6,57.44197303204614,52.7373046875,63.545407945891405,10.808103258391405,18.815689447787076,2.7528942662515967,2.690872374975555,2.78685015817868,0.095977783203125,3.4864318757076904,0.04792478602216174,0.04234566213292421,0.05284400055506117,3.3348246718857535,0.825498950352586,-0.08328347461968505
Bennu,18,crater_18,-7.7,324.7,63.794242826916765,52.926368713378906,76.84561476995506,23.919246056576156,37.4943646897301,1.649185741453626,1.4757642543451084,1.9328120662076744,0.45704781186256604,27.713543743090742,0.025851639087999072,0.01920427416402295,0.03651888677031213,3.6936460381467366,0.4464926320555324,-0.3501857033689999
Bennu,19,crater_19,26.8,333.3,33.822992703029634,30.22409439086914,36.96239775755393,6.738303366684789,19.922256513041255,1.8917405573753,1.8764381247343351,1.92142989531348,0.04499177057914494,2.3783266898696134,0.05593060832863115,0.05076613635950745,0.06357278634935558,1.9905037107927677,0.9503828338113809,-0.02210141668981913
Bennu,20,crater_20,32.0,229.8,43.80722544151951,40.08599853515625,49.804261967372746,9.718263432216496,22.184156458824123,4.059697441022706,4.048535107008291,4.076367138258291,0.02783203125,0.6855691010064199,0.0926718686268365,0.08128892884027727,0.10169054750334416,2.5610128287153637,1.5851921534727733,0.20008191395743935
Bennu,21,crater_21,35.1,248.0,16.433909397703342,13.342387199401855,20.35944029783877,7.017053098436914,42.69862349014505,1.3022061077685312,1.2959320728832893,1.3092377369457893,0.0133056640625,1.0217786557076338,0.07923897328717877,0.06365263749518975,0.09812619866139718,0.9852408514734414,1.3217134732294786,0.12113731711454141
Bennu,22,crater_22,-24.8,136.9,179.9856646656956,160.7398681640625,192.94239693933687,32.202528775274374,17.89171867386615,8.266369641371218,8.21608946775163,8.344501595246442,0.128412127494812,1.5534283254421601,0.04592793352028968,0.042583121170277856,0.05191307975149918,10.147126766905966,0.8146512634819262,-0.08902826458291568
Bennu,23,crater_23,-9.0,46.5,144.21680643655085,129.0736083984375,162.1960189454306,33.12241054699311,22.967094727316358,8.327219994395497,8.20565274369207,8.443103100038257,0.23745035634618716,2.8514961356370954,0.05774098179090599,0.05059096269466878,0.06541308641480938,8.176966483105737,1.018375214280283,0.007907820700297052
Bennu,24,crater_24,31.3,161.2,143.30212093018153,135.5166778564453,151.4645365257789,15.947858669333584,11.128836451139176,3.628214391064783,3.606353632601241,3.651092402132491,0.04473876953125,1.2330795457244295,0.02531863706910864,0.02380988788083373,0.026942015255127075,8.126432408526707,0.4464707523141222,-0.3502069858787381
Bennu,25,crater_25,21.6,189.2,139.5919146754343,121.29519653320312,161.0748374470549,39.77964091385178,28.497095269696366,2.250619165364933,2.236708236002954,2.272810530924829,0.036102294921875,1.6041050159644,0.016122847591838366,0.01388614305904954,0.01873784449743378,7.921367310216312,0.2841200360021525,-0.5464981389685339
Bennu,26,crater_26,11.2,41.8,105.2562839249956,90.02021789550781,122.7611890391915,32.740971143683694,31.105953889664708,5.337714378142844,4.887995791541414,5.857028529791165,0.9690327382497514,18.154450942856705,0.05071159819727663,0.03981711019417482,0.06506347870197104,6.016401999774539,0.8871937710184379,-0.05198151602685941
Bennu,27,crater_27,-1.7,84.4,83.27471722727687,78.78327178955078,86.84719123971543,8.063919450164647,9.683514659264779,3.7833254656269446,3.674348589612862,3.8726802366417994,0.19833164702893757,5.242257078616722,0.045431862053657096,0.04230820291552012,0.0491561234850295,4.788668065968218,0.7900579897182738,-0.10234103062049016
Bennu,28,crater_28,36.0,303.6,52.16161712840435,42.56628036499024,58.4032945336739,15.837014168683659,30.361432487221894,0.9708807751562556,0.9340431340518478,0.9993142533004972,0.06527111924864937,6.72287688858032,0.018612934732569232,0.01599298706536669,0.023476663798944704,3.035779488525371,0.3198126803432158,-0.4951043207839322
Bennu,29,crater_29,44.1,298.6,31.560703129722373,27.01930046081543,35.49553263813544,8.476232177320007,26.856918055597735,0.7418020294207963,0.6446192491450802,0.8313013139020313,0.18668206475695115,25.16602238237521,0.023503976650070334,0.018160574056367836,0.03076694435918579,1.860671767964296,0.3986743079529708,-0.3993817509786251
Bennu,30,crater_30,49.9,287.0,33.18548014056365,28.490497589111328,38.477657877766255,9.987160288654927,30.094969987935507,1.544876188013414,1.529923004757478,1.5658250083918688,0.03590200363439089,2.3239405146478416,0.046552774932584556,0.03976133395690701,0.054959552864752535,1.953940340408091,0.7906465494697542,-0.10201762006802623
Bennu,31,crater_31,-40.0,238.1,194.44090852643944,185.4698638916016,213.5093692663461,28.03950537474452,14.420579284081981,9.037762763576646,8.783045249964289,9.355404573465876,0.5723593235015869,6.332975742716649,0.04648076802391468,0.04113658000182521,0.05044164252438159,10.940349287345878,0.8260945355766792,-0.08297025058514806
Bennu,32,crater_32,-10.2,234.1,95.14871350936168,89.24836730957031,100.2855493879466,11.03718207837629,11.599927809103107,7.3324182286317905,7.2993949507132925,7.384533510054723,0.08513855934143066,1.1611252479977168,0.07706271538721701,0.07278610921775149,0.08274138488652064,5.452777342457748,1.3447125690495967,0.1286294642522957
Bennu,33,crater_33,-6.2,333.0,136.81875549158022,120.55589294433594,149.82748684312483,29.271593898788893,21.39443075155749,8.174849879579474,8.081841652251711,8.350090410506056,0.26824875825434447,3.281390633538381,0.05974948281182511,0.053940981208032354,0.06926322891873504,7.768002065329648,1.0523748334292649,0.022170453787017208
Bennu,34,crater_34,-35.1,352.0,102.92948716821036,78.59420776367188,125.48512497982708,46.8909172161552,45.55634979461688,3.9166814340649783,3.4560137817508974,4.26261584615952,0.8066020644086223,20.594017613821606,0.03805208343906565,0.027541222772870366,0.05423575054000102,5.886781945622322,0.6653348926874385,-0.17695969990545002
Bennu,35,crater_35,11.4,74.5,61.39414086440173,55.338958740234375,68.97659600451472,13.637637264280343,22.21325532415403,3.919509115278137,3.861505371788553,3.954309326866678,0.092803955078125,2.36774433605417,0.06384174548406772,0.05598283469273848,0.0714561570525483,3.5581842757350404,1.101547534231755,0.04200324266620736
Bennu,36,crater_36,14.1,328.0,75.34984767080353,69.5657958984375,79.33128739362094,9.76549149518344,12.96020071314273,3.498124014613173,3.480052522100152,3.529460481084527,0.049407958984375,1.412413018462943,0.04642509736577241,0.04386733956343162,0.05073557249653779,4.344095212237599,0.8052595175075191,-0.09406413347310161
Bennu,37,crater_37,58.4,181.5,68.14186722751754,53.84413146972656,83.01459944112206,29.170467971395496,42.80843651377911,2.014046806117799,1.7621120453603396,2.3163523822973104,0.5542403369369708,27.51874163268845,0.02955667180931714,0.021226531925991093,0.043019588561840974,3.938696134198634,0.5113486132200895,-0.29128291752256447
Bennu,38,crater_38,11.4,122.6,85.94232763579464,81.6160888671875,91.2003146110128,9.5842257438253,11.151927120756161,6.210949471987267,6.189505787091434,6.235388965802372,0.0458831787109375,0.7387466106089031,0.07226880680155597,0.06786715389624354,0.07639901706082873,4.938067153518201,1.25776934150484,0.09960100446666909
Bennu,39,crater_39,4.9,136.9,81.44459176683854,55.54861068725586,109.38562477480164,53.83701408754578,66.10262623904069,5.166347950750018,5.144725820402499,5.185717126707431,0.04099130630493164,0.7934290662513502,0.06343389829419685,0.047032924399291375,0.09335457831526207,4.6861013063644155,1.10248319722268,0.042371979174724794
Bennu,40,crater_40,-20.8,83.9,66.61692408054265,56.5205078125,79.8857763966112,23.365268584111206,35.074073002622605,3.662476974818001,3.5607034539497704,3.741146086866962,0.18044263291719176,4.926792281776965,0.05497817597206849,0.0445724334739121,0.06619094965101455,3.8527911070104692,0.9506035684503693,-0.022000559749449367
Bennu,41,crater_41,-56.0,256.0,67.79284984168304,58.47760009765625,73.55693133576665,15.079331238110399,22.243247294257774,2.1311800586182605,2.109553268253677,2.142664840519302,0.033111572265625,1.5536731460922506,0.03143664949320194,0.028679190797454034,0.03664077932304166,3.9190392422064377,0.5438016633429769,-0.264559468356515
Bennu,42,crater_42,44.5,237.5,57.38323859242191,47.6511344909668,67.71919009561545,20.06805560464865,34.971981534863836,0.9224376302050246,0.7891811813761933,1.0489688874637864,0.25978770608759305,28.16317305158633,0.01607503607032111,0.011653730357110247,0.02201351339625794,3.331502340712887,0.27688338048942746,-0.5577031113484917
Bennu,43,crater_43,59.3,252.4,50.12980712953553,45.3323974609375,58.48647852670696,13.15408106576946,26.240039248065102,2.294926793472532,2.1821442628889827,2.4088843895154923,0.22674012662650966,9.880059236374223,0.04577968527870926,0.03731023508096046,0.05313825265013185,2.920507676028629,0.7857972133780604,-0.1046895156319721
Bennu,44,crater_44,32.5,47.0,63.71971732661833,55.719329833984375,72.09574296305415,16.376413129069775,25.700699588993118,3.928233055465862,3.805450719929496,4.031348242675335,0.2258975227458393,5.750614068875538,0.06164862652058374,0.05278329293145116,0.07235098222980658,3.6894418132919244,1.0647228643947293,0.02723658042570609
Bennu,45,crater_45,-59.5,165.6,58.96456796520713,53.54293823242188,66.10223645714332,12.559298224721438,21.299737551087,5.157686858156647,5.121475382682576,5.182062968807543,0.060587586124967174,1.1747046261474883,0.08747095138897672,0.07747809540457878,0.09678331335334985,3.4209205268587413,1.507689762934274,0.1783119860252026
Didymos,1,crater_1,39.6,2.8,153.6037103836452,140.91708374023438,164.53835677917107,23.621273038936693,15.378061493397196,7.712632702106021,6.807825239605108,8.399243899802798,1.5914186601976894,20.633922574364714,0.05021123957775968,0.04137530830420273,0.05960415640793354,8.69510292449888,0.887008787483734,-0.05207207764652466
Didymos,2,crater_2,20.6,25.9,187.7377256033362,161.1474609375,204.0667555200647,42.9192945825647,22.861305283546063,8.754593946431404,6.228599575660041,11.530354759730074,5.301755184070032,60.55969261979492,0.04663204434961915,0.030522362938472943,0.0715515757595588,10.572711736154329,0.8280367577311591,-0.08195038383652187
Didymos,3,crater_3,1.0,44.5,206.8395386151865,170.39141845703125,232.2282784161981,61.836859959166844,29.896053903993128,10.578035022633893,8.065518978219416,11.915780586806306,3.850261608586891,36.39864682191409,0.05114126193403351,0.034730994146046426,0.0699318116763679,11.61950560562579,0.9103687696929506,-0.040782649216424716
Didymos,4,crater_4,-16.6,309.1,162.28884568429342,145.80984497070312,174.48054696595713,28.670701995254007,17.666464922073697,10.496360611508656,10.315250032447238,10.763176589165766,0.447926556718528,4.2674463397094256,0.06467703043453535,0.05911977129725439,0.07381652858439264,9.173778018694305,1.1441698927224089,0.05849051571023611
Didymos,5,crater_5,-33.6,40.7,92.56443682607704,72.57591247558594,108.68988846701764,36.1139759914317,39.01495782801301,0.9407533957127044,0.7699887396376539,1.0337194709971982,0.2637307313595443,28.03399196446639,0.010163227130958762,0.007084272056009239,0.014243285902122618,5.308430446383519,0.17721874765329415,-0.751490336784774
Didymos,6,crater_6,-53.6,21.9,243.28775743028288,202.991455078125,271.7952070312521,68.80375195312712,28.280811447260632,11.634856053406889,1.2217313365467817,17.469635177279486,16.247903840732704,139.64851620123855,0.04782343417646488,0.004495043712843332,0.08606093872550435,13.610187429318477,0.8548637639143444,-0.06810309146428573
Didymos,7,crater_7,-70.4,263.8,103.81827142579364,90.48851776123048,111.92330653497976,21.434788773749275,20.646451226141107,4.853695094984952,4.708782955569291,5.03897996136493,0.3301970057956396,6.8030026471340035,0.04675183884615375,0.0420715139799559,0.05568640183344748,5.936302695021975,0.8176293131169224,-0.08744354688558464
Didymos,8,crater_8,-39.5,215.4,60.77494860479817,48.95131301879883,66.98281338710592,18.031500368307093,29.66929760082678,1.136211893251243,0.979290506532493,1.402599832704368,0.423309326171875,37.25619566968143,0.01869539866894333,0.01462002649654314,0.028652956298960277,3.5232151966968166,0.3224929020278115,-0.4914798396150005
Didymos,9,crater_9,-43.1,330.2,151.8156907723646,142.00173950195312,157.18986050118667,15.188120999233547,10.0043157080561,13.898518845242585,13.294220514971473,14.422437654082389,1.128217139110916,8.117535053003873,0.09154863225621582,0.08457428788717011,0.10156521817737324,8.596472432370502,1.61677001288423,0.20864824548517868
Didymos,10,crater_10,-63.3,85.3,124.7559150192576,105.54049682617188,133.9041886879826,28.363691861810736,22.73534834595414,2.673581919032017,2.4701326984536536,2.822531867284738,0.35239916883108435,13.180788152497385,0.02143050226211172,0.01844701590485301,0.02674359086951738,7.099933679308605,0.37656435113241393,-0.4241607964789166
Didymos,11,crater_11,-68.3,312.9,79.06938094756913,72.5615234375,85.28499393506732,12.72347049756732,16.091526637857765,1.3676433182981214,1.243437354314267,1.464445655095517,0.22100830078125,16.159790920944946,0.017296750042914904,0.014579790616634995,0.020182123882182542,4.552897520386903,0.3003896556366812,-0.5223150269849806
Didymos,12,crater_12,-65.9,162.4,70.97259135711398,63.317344665527344,74.95734208087255,11.639997415345206,16.400693835139872,4.33605544367731,4.191693785273287,4.558953243295719,0.3672594580224322,8.469897647594832,0.0610947882945334,0.055921056815899484,0.0720016492696954,4.098030045940362,1.0580828825237,0.02451968850525632
Didymos,13,crater_13,-56.2,212.9,87.73023815381669,85.60983276367188,90.90279730038024,5.292964536708368,6.033227138205482,3.542227726324692,3.4617732178611504,3.702770532314275,0.24099731445312456,6.803552257866156,0.04037636054417331,0.03808214181156634,0.04325169682945027,5.038131917115357,0.7030835604544545,-0.15299305664775498
Didymos,14,crater_14,-35.8,12.9,55.24752182468933,52.090858459472656,57.82071912086925,5.729860661396593,10.37125371809166,0.5223648699937181,0.3566169703507285,0.6795747806078225,0.322957810257094,61.826096816383895,0.009454991875495866,0.00616763291382197,0.013045950877091808,3.210634808453499,0.1626983139341628,-0.7886169476954915
Didymos,15,crater_15,-43.9,5.3,58.055572750396486,52.03239440917969,62.36498072167393,10.332586312494243,17.797751056419777,1.96572723618516,1.9247881603830592,1.9965044689768088,0.07171630859374956,3.6483346861962236,0.03385940648000472,0.03086328478113568,0.0383704131175747,3.3695279243512513,0.5833835719179058,-0.23404580477523296
Didymos,16,crater_16,-77.7,152.6,37.14597205079286,30.13527488708496,43.536213919128336,13.400939032043375,36.076425766215316,0.1414240803916489,0.1380579664817105,0.1436397066490258,0.005581740167315302,3.9468102969859613,0.0038072521079342784,0.003171106397496189,0.004766497308792936,2.1808080322796424,0.06484939448971831,-1.1880940746454642
Didymos,17,crater_17,,,106.99031116866897,93.0188980102539,126.26105097821215,33.24215296795825,31.070246085696848,5.633107426145879,5.578762030409166,5.71192150863493,0.1331594782257639,2.363872515686611,0.05265063130123392,0.044184346535907165,0.06140603286877553,6.112952402682515,0.9215035640836877,-0.03550298072826574
Didymos,18,crater_18,,,36.506315467156654,29.836254119873047,47.6164094094532,17.78015528958015,48.70432707890305,1.585255239123531,1.5723913595572867,1.5990303365126124,0.02663897695532569,1.6804219470710637,0.043424136860640596,0.033022048051466954,0.05359353523697016,2.144210659733602,0.739318794040733,-0.1311682535692375
Didymos,19,crater_19,,,157.57289794067097,146.76382446289062,170.449483853257,23.685659390366368,15.03155663182919,7.4537823715511236,7.011499071006256,7.806128097951444,0.7946290269451879,10.660748963882433,0.04730370811836949,0.041135349386229765,0.053188366591831564,8.913945843593345,0.8361933651311474,-0.07769328272959175
Didymos,20,crater_20,,,95.3828822908099,81.40017700195312,112.35412311295154,30.953946110998416,32.4523073402457,6.791340307526582,6.491906872918037,6.990584520583411,0.4986776476653745,7.342845816645489,0.07120082916786552,0.057780762227938987,0.08587922997287437,5.465852016068455,1.2425035086133818,0.09429762377903528
Itokawa,1,crater_1,25.0,348.0,136.66374164088575,93.50059509277344,178.80168578103027,85.30109068825683,62.41676809376721,11.533298834191202,10.377175080357688,12.642493084907612,2.2653180045499237,19.6415443414528,0.08439179767591538,0.05803734475449023,0.1352129692047782,7.759426924674409,1.4863596172954676,0.17212389752148238
Itokawa,2,crater_2,-10.0,175.0,141.94113084022945,126.96345520019533,167.43592282804647,40.472467627851145,28.51355867624263,1.306890881910839,0.1871580181526155,2.900847143602931,2.7136891254503155,207.6446597808197,0.009207273988692468,0.0011177889128656296,0.022847890670814608,8.051225777122024,0.16232197656466635,-0.7896226776189851
Itokawa,3,crater_3,-2.0,275.0,127.79918905349582,80.18186950683594,164.83776891800196,84.65589941116602,66.24134318702887,9.5650281635675,9.152876804077636,9.821046660149108,0.6681698560714722,6.985550326098179,0.07484420076847005,0.05552657539687222,0.12248463051004081,7.2686278198017735,1.3159331308049218,0.11923382114702707
Itokawa,4,crater_4,0.0,128.0,104.37306403154751,62.90121841430664,134.02711682469467,71.12589841038803,68.14583730998807,7.337503704250104,5.476925962064442,7.829211943242726,2.3522859811782837,32.058395824942046,0.07030074063967587,0.04086431232590173,0.12446836707795793,5.967208772586683,1.2296375045496224,0.0897771008893371
Itokawa,5,crater_5,40.0,112.0,104.38117795050542,81.47356414794922,136.68606028717642,55.2124961392272,52.895069037645264,6.312867437555436,5.415298897313988,6.88682769565574,1.471528798341752,23.309990474179504,0.06047898252833301,0.039618516225696204,0.08452837147457835,5.967660746908656,1.0578462324329685,0.024422543635658545
Itokawa,6,crater_6,8.0,8.0,82.55657073109148,49.42524719238281,95.33947971988148,45.91423252749867,55.615479326356024,1.671748975026767,1.3510105700987936,2.184537527571109,0.8335269574723156,49.859576403148075,0.02024973857589233,0.014170525936036365,0.044198818451388136,4.748427546666548,0.3520637007929824,-0.45337875015836393
Itokawa,7,crater_7,-8.0,17.0,83.97895624573752,66.54972839355469,109.14182511650446,42.592096722949776,50.71758286482823,4.751025469498114,1.6887814880464305,6.584212760070045,4.895431272023615,103.03946597324293,0.05657399998632705,0.01547327512842785,0.09893673376295437,4.8281206408585575,0.9840320536508521,-0.00699075472215227
Itokawa,8,crater_8,15.0,172.0,67.37303281489517,60.06558227539063,80.82768111884786,20.76209884345723,30.81663089221514,1.0928099574225436,0.7795646331988735,1.402218137767079,0.6226535045682056,56.97729054709296,0.016220287431990738,0.009644772959063528,0.023344785560192254,3.8953914224257282,0.2805391907809952,-0.5520064600726395
Itokawa,9,crater_9,20.0,134.0,63.88194415103028,52.61664962768555,104.06333490269247,51.44668527500693,80.5340005829757,3.611184982904616,2.4075953165866224,4.321588065469541,1.9139927488829187,53.00179187562472,0.056529040105088524,0.02313586546921561,0.08213347098397597,3.69859339235486,0.9763671211788458,-0.010386853723322598
Itokawa,10,crater_10,-40.0,244.0,55.62412509179022,39.16720581054688,75.50325119807827,36.33604538753139,65.3242551277348,0.6702869702297747,0.0947386200085418,1.0410003224105535,0.9462617024020117,141.17262373124046,0.012050292370867419,0.0012547621262030252,0.02657836577482468,3.2319566638127553,0.20739355132288,-0.6832047516520383
Itokawa,11,crater_11,-6.0,151.0,48.774142432040605,41.482540130615234,55.69130781306792,14.208767682452688,29.131763212957477,0.5753216108543668,0.0302447700689469,0.7886090339073633,0.7583642638384164,131.8157096014917,0.011795627399415387,0.0005430788260614341,0.019010625468553418,2.843529514302961,0.20232658319897776,-0.6939470525818223
Itokawa,12,crater_12,17.0,215.0,43.08742483236247,33.66812896728516,49.331404170046085,15.663275202760921,36.3523122203312,3.3249813095419825,3.154962010750097,3.533119268783849,0.378157258033752,11.373214548560675,0.07716825320794356,0.06395443356679846,0.10493957868038732,2.520004592722498,1.319434622914645,0.12038787609390439
Itokawa,13,crater_13,34.0,269.0,36.27302124784576,27.88833999633789,44.069787739515874,16.181447743177984,44.61014601627371,1.1505237161192985,1.0072317987997792,1.3238758695823094,0.3166440707825302,27.52173348069404,0.031718441876071396,0.02285538121384299,0.04747058698209187,2.130858858100945,0.5399342672300048,-0.26765910891208444
Itokawa,14,crater_14,4.0,145.0,40.32402508208343,24.291316986083984,61.02228254258825,36.730965556504266,91.08953156768169,1.2421126123564952,0.611455851729346,1.965627264756506,1.35417141302716,109.02162972631528,0.030803289349911264,0.010020206164897273,0.08091892530497935,2.362402907790835,0.5257835605688608,-0.27919299690185617
Itokawa,15,crater_15,-10.0,102.0,28.56031908724818,23.70374870300293,39.76219717572968,16.058448472726752,56.226432287644315,1.3953003482150323,1.1870828416540746,1.7014008665603342,0.5143180249062596,36.86073937874464,0.04885450838110616,0.029854558499565368,0.07177771279463449,1.6881083995388964,0.8265466533998386,-0.08273262818776808
Itokawa,16,crater_16,-18.0,205.0,25.581224729580576,16.20087432861328,34.07228139241599,17.871407063802707,69.86142083782758,3.332923862407995,3.0898055762751824,3.7804794044001824,0.690673828125,20.722760454119616,0.13028789268849994,0.09068384769101284,0.23335033206962563,1.5163074863472588,2.19805276463873,0.3420381135271413
Itokawa,17,crater_17,-26.0,216.0,29.764657079032727,23.696216583251957,35.30925876691106,11.6130421836591,39.01621360133101,2.0576902318942265,1.8945824473584736,2.736547169038161,0.8419647216796875,40.91795298579071,0.0691319986126679,0.053656817319935386,0.11548456098144805,1.757427750496542,1.170853385758162,0.0685025161290278
Itokawa,18,crater_18,-36.0,221.0,26.093544179830456,13.236233711242676,37.38669549398298,24.1504617827403,92.55339794510512,1.1323284922681116,0.4962171443958567,1.59722287971843,1.1010057353225733,97.23377472531868,0.04339496714069867,0.013272559605480991,0.12067049544174872,1.54588737784343,0.7324779983958156,-0.1352054157776677
Itokawa,19,crater_19,-33.0,212.0,25.633018359681763,21.22297477722168,30.15997320104156,8.93699842381988,34.86518169033463,1.3935806481726245,1.3476989953405931,1.4203918664343431,0.07269287109375,5.216265824950336,0.05436662310376178,0.04468501965691571,0.06692708639313041,1.5192985919325566,0.9172526424841755,-0.03751102842495224
Itokawa,20,crater_20,-15.0,254.0,37.88286071446508,28.49730491638184,45.8156875616582,17.318382645276362,45.71561470980348,1.7603581914962774,0.5598273125691549,2.007145035004441,1.4473177224352862,82.21722882461144,0.04646845983371333,0.012219118436577995,0.07043280201036212,2.2229484091202325,0.7919024050553505,-0.10132833805394068
Itokawa,21,crater_21,-18.0,7.0,19.49260144935719,11.875566482543944,27.164810675788612,15.289244193244668,78.43614015793086,0.8793442393248512,0.6232020204306536,0.9893434074164134,0.3661413869857597,41.638003709091016,0.045111692331546105,0.022941519006650014,0.08330915488289865,1.1635031078208427,0.7557730043126395,-0.12160862483954057
Ryugu,1,crater_1,-7.19,92.99,273.75714342946634,262.4512023925781,288.0025674943825,25.55136510180438,9.333588443286667,15.470445850659038,14.123175182566058,16.528289654398918,2.40511447183286,15.54651039181526,0.05651156954976412,0.04903836554457637,0.0629766200486888,15.268389573202446,1.0132336338739496,0.005709597584580006
Ryugu,2,crater_2,28.34,353.68,214.29988262806103,199.84310913085935,244.56062439874492,44.717515267885574,20.866794101561556,23.356885986002982,22.94677042610715,23.687157388997772,0.7403869628906214,3.169887301476366,0.10899159486027907,0.09382855675365585,0.11852876735162869,12.027651018587731,1.9419324646106595,0.2882341221956046
Ryugu,3,crater_3,-0.7,330.28,199.71784463248693,161.81434631347656,223.59347763471797,61.77913132124141,30.93320551046652,12.458646022957623,11.74955866750281,13.486102936820204,1.7365442693173936,13.938467038211478,0.0623812361178018,0.052548754068300355,0.08334306100828728,11.229534527644343,1.1094534677539403,0.04510909194749457
Ryugu,4,crater_4,-14.83,51.2,183.8816276376732,163.69386291503906,200.63723798122723,36.94337506618817,20.090846236679333,22.65030431613667,22.58840021602253,22.717046945438256,0.12864672941572408,0.5679690993117156,0.12317872430826869,0.11258328934001789,0.13877763369313934,10.361071142216803,2.186096785287638,0.33966938560355775
Ryugu,5,crater_5,-50.56,9.84,180.56182435349965,153.61862182617188,201.0555262285616,47.43690440238973,26.271834908756176,12.40525170266246,11.840961338079126,13.260761142766626,1.4197998046875,11.445151124041905,0.06870362407490829,0.0588939859559902,0.08632261496117263,10.178773649497797,1.2187373577439276,0.08591012368872408
Ryugu,6,crater_6,0.42,157.84,152.5533221230055,130.30792236328125,166.3375289144549,36.02960655117366,23.617713498315407,22.681162948946437,21.62735597221723,23.97566655084233,2.3483105786250995,10.353572186359964,0.14867695198835693,0.13002090456291365,0.18399239367811684,8.637165146717836,2.625996210986586,0.41929409511644433
Ryugu,7,crater_7,30.37,145.99,142.43711514319224,123.5634536743164,159.36891968721775,35.80546601290135,25.137736029619848,11.752155203016912,11.410846609266912,12.038318533095037,0.627471923828125,5.339207260188717,0.08250767499188995,0.07160020053886407,0.09742620633464288,8.078635392589716,1.4547203372733968,0.1627795103989964
Ryugu,8,crater_8,3.24,229.95,128.11949834939992,111.37818908691406,143.98803464114513,32.60984555423107,25.452679704770173,6.46920218867884,6.045962293891932,7.237984224346405,1.192021930454473,18.426104111269265,0.0504935023319902,0.041989338273558705,0.06498565189184606,7.286377095746873,0.8878489410677047,-0.05166091895267211
Ryugu,9,crater_9,-17.19,14.29,122.68105172682031,113.60142517089844,133.87941586292607,20.27799069202763,16.52903232129244,16.07868946471992,15.75789885599596,16.45998625833971,0.7020874023437518,4.366571068396349,0.13106090336202117,0.11770217814611515,0.1448924274812382,6.984859831526051,2.301934448583924,0.36209295221139925
Ryugu,10,crater_10,-31.5,47.26,139.17177343240726,129.01771545410156,151.19945519132364,22.181739737222074,15.938389797120225,15.658036331152744,15.525101760840244,15.820511917090244,0.29541015625,1.8866360378935967,0.1125087073691528,0.10267961442847269,0.12262278758701504,7.8981371216183955,1.9824974028741955,0.29721262705236795
Ryugu,11,crater_11,17.02,332.23,92.0506636644877,87.47073364257812,94.90510358568751,7.434369943109388,8.076389291669496,11.681981503902136,11.528218686519324,11.835744321284947,0.3075256347656232,2.63247835705698,0.12690817250901515,0.12147100894432696,0.13531090718465932,5.279720979784615,2.2126134219272133,0.3449055425357662
Ryugu,12,crater_12,-1.88,289.49,76.44302963989765,70.44965362548828,82.45845888331596,12.008805257827674,15.709483669600612,5.621747688283297,5.488335009246839,5.723350878387464,0.235015869140625,4.180477000603195,0.07354166514286291,0.0665587870980367,0.08124029833862502,4.405489735228067,1.2760778088596014,0.10587715630372863
Ryugu,13,crater_13,-63.73,24.45,105.57540531100386,94.22451782226562,113.92668918826462,19.702171365998993,18.66170563869527,9.545652438197957,9.32777324765965,9.924258573331484,0.5964853256718339,6.248764340978241,0.0904154941207982,0.0818752244458315,0.10532564987014816,6.034173682970411,1.5819319992624026,0.19918781103281347
Ryugu,14,crater_14,16.9,6.44,70.44849425318405,60.67495727539063,79.9299351591416,19.254977883750975,27.3319935193373,7.414778761356729,6.956974062971653,8.239110081955005,1.2821360189833513,17.29162878959251,0.10525106093408951,0.08703840493702668,0.13579094987342882,4.068542525841349,1.8224655916121706,0.26065933753101034
Ryugu,15,crater_15,-4.54,95.52,74.32156901343441,65.23149871826172,80.58796847001308,15.356469751751362,20.662198007385335,11.734083296844233,10.906873824187985,12.356641890594233,1.4497680664062482,12.355188127871473,0.15788261002298232,0.13534121818998887,0.18942753322230446,4.286324866816224,2.7375627516446324,0.4373640830557154
Ryugu,16,crater_16,6.01,308.75,78.25386400674881,72.66439056396484,86.45858137251007,13.794190808545224,17.627488410483576,5.49750568964608,5.348954402670017,5.689212744704832,0.3402583420348151,6.189322235275764,0.07025219469254529,0.061867246926292314,0.07829437088165964,4.507139105432396,1.219732864028982,0.08626472544392139
Ryugu,17,crater_17,23.7,205.33,66.9450694533897,62.22943878173828,71.58886014960159,9.359421367863305,13.980747864306531,7.468632686181745,7.322901078108828,7.543970414046328,0.2210693359375,2.9599706562958477,0.1115635960521597,0.10229106962739624,0.12122832154257135,3.871280833062031,1.9292407366567488,0.28538642364091504
Ryugu,18,crater_18,20.86,322.68,70.30115982200192,65.30921936035156,74.67990221316101,9.370682852809452,13.329343180874153,6.040909255279625,5.884150430761906,6.221217675799437,0.33706724503753094,5.579743558354918,0.08592901270156601,0.07879161938330616,0.09525787839344874,4.060251967171666,1.487816348374967,0.1725493264990119
Ryugu,19,crater_19,57.73,342.98,59.69475574353563,53.86592864990234,67.36026823345644,13.494339583554101,22.60556964422358,5.252013511669493,4.856821047476785,5.69657324474241,0.839752197265625,15.989147693542153,0.08798115422791115,0.07210216311259438,0.10575466510132725,3.4621889979169715,1.5169632607663448,0.1809750627645429
Ryugu,20,crater_20,-11.64,287.71,88.56906944329408,82.4551010131836,95.84673258418056,13.391631570996964,15.119986757420875,5.607074110197156,5.584603000171114,5.618843722827364,0.03424072265625,0.6106700568479917,0.06330736164939678,0.05826597161532087,0.06814428281312733,5.085061038842218,1.1026562055730587,0.04244012595215896
Ryugu,21,crater_21,-8.44,119.53,62.57911590451605,59.94178771972656,67.60779001850709,7.666002298780526,12.250096838180653,5.418161662063596,5.237955363235471,5.573374064407346,0.335418701171875,6.190636641951456,0.08658098766257247,0.07747561873863386,0.09297977715424685,3.625080944983375,1.494631911478171,0.17453425052213623
Ryugu,22,crater_22,8.28,111.52,68.92384200255869,63.7982177734375,75.9904907393512,12.192272965913702,17.689485396738455,5.715424928780446,5.565024131254404,5.827597373441904,0.2625732421875,4.594115843693318,0.0829237715530755,0.0732331647961393,0.0913442032838139,3.982728109491159,1.4350527506911988,0.15686786546934228
Ryugu,23,crater_23,18.59,149.73,66.21221048731566,58.09771728515625,73.69110343068363,15.593386145527376,23.550620090707614,5.500325945387999,5.494313982497374,5.509450701247374,0.01513671875,0.27519675925191445,0.08307117229444715,0.07455871505120715,0.09483076028969933,3.829983834175634,1.436122496473119,0.15719148536128957
Ryugu,24,crater_24,19.65,136.94,61.58319077258991,56.22013854980469,66.22348662545669,10.003348075652,16.24363393672092,7.641512477294668,7.448092067138418,7.783663356200918,0.3355712890625,4.391424996812969,0.12408438701256501,0.11246904152393766,0.13844973628632154,3.56885912020235,2.1411639462141063,0.3306499219465463
Ryugu,25,crater_25,-12.18,179.11,58.12331970239237,44.31896209716797,67.40544316950012,23.08648107233215,39.71982534814147,6.216420649746813,5.816894363498193,6.482972001540929,0.6660776380427365,10.714809623925063,0.10695226428181705,0.08629710139091919,0.14627986971642548,3.373358897707785,1.8427984801649486,0.2654778453994784
Ryugu,26,crater_26,28.48,213.16,54.50892806310826,49.1865234375,62.17741557369085,12.990892136190851,23.832595132214884,3.7617389302047095,3.713785642444293,3.801340574084918,0.087554931640625,2.3275121762865227,0.06901142737295289,0.05972885183757474,0.07728418900992626,3.168807553406357,1.1871149846764826,0.07449278701857387
Ryugu,27,crater_27,-16.28,199.13,52.33343458648428,48.63692855834961,56.53948135104787,7.902552792698259,15.100390133269,4.480187044820279,4.242475456278612,4.633558219950487,0.391082763671875,8.72916152293287,0.08560850401317516,0.07503562740410573,0.09526831478249327,3.045521953336393,1.4710736331787724,0.16763441146504626
Ryugu,28,crater_28,36.81,121.83,86.51148811969618,81.42373657226562,101.57928269112269,20.15554611885706,23.298115148557038,4.835501182534093,4.6942454859195095,4.99533191170076,0.3010864257812509,6.226581576875214,0.05589432441439171,0.04621262684236058,0.061349824043843496,4.969927353623168,0.9729520853074288,-0.011908546780946105
Ryugu,29,crater_29,-36.18,176.65,60.86825841317821,49.66241455078125,67.81233304445512,18.149918493673866,29.818363407855184,5.369095767539648,5.203418012296481,5.506732221280856,0.303314208984375,5.649260548082321,0.08820846706494921,0.07673262043477141,0.1108832961726028,3.528485480959007,1.5216431515768576,0.18231281572503277
Ryugu,30,crater_30,-0.07,329.24,42.74731769988577,39.06110382080078,45.015781280699166,5.9546774598983845,13.92994410012841,4.67510091030249,4.35844817860675,4.942634429470672,0.5841862508639224,12.495692864651433,0.10936594766307367,0.09682044950923611,0.12653596406660236,2.500622020971728,1.8695751981284128,0.27174293805157673
Ryugu,31,crater_31,-17.2,307.19,45.2536729683406,37.74630737304688,51.86633728197089,14.12002990892401,31.201953306204256,3.174515821240751,2.7898214039230425,3.3838765797042925,0.59405517578125,18.71325295676319,0.07014935171033823,0.053788672000419126,0.08964788386480906,2.6433673201462167,1.2009363197639722,0.07951997933601507
Ryugu,32,crater_32,33.09,81.45,73.84334541216084,63.25894546508789,87.9254699723012,24.66652450721331,33.40385564810979,6.998498395521096,6.904351667005471,7.093804792005471,0.189453125,2.707053917755362,0.09477493681331173,0.07852504705610923,0.11213915660229408,4.259450520362186,1.6430519293662331,0.21565128971674585
Ryugu,33,crater_33,-26.28,17.83,43.41726071439047,38.66733551025391,49.16190593462514,10.494570424371226,24.1714245709952,4.067584737172031,4.028135681182448,4.125090026885573,0.096954345703125,2.3835851486288164,0.09368589059382659,0.08193611709316173,0.10668151742164055,2.5387980569763795,1.602169469916951,0.20470845179635933
Ryugu,34,crater_34,-1.87,279.89,51.036218327784574,44.6574821472168,59.83730657389125,15.17982442667445,29.74323906442421,4.978394290907204,4.516405993153853,5.296867077479192,0.7804610843253386,15.676964071544372,0.0975463005298126,0.07547809638752176,0.11861096557162952,2.9719461507120113,1.6751293726215373,0.22404835384804728
Ryugu,35,crater_35,33.5,217.25,38.033244027483285,32.30863571166992,44.20873875641656,11.900103044746636,31.28868795979506,2.799926595370797,2.7454018557874638,2.8769326175062133,0.13153076171874956,4.697650357556278,0.07361787475576724,0.06210088622781598,0.0890453141748434,2.231545764642241,1.2547027444985774,0.09854084795642598
Ryugu,36,crater_36,24.37,335.5,37.77245558344757,35.329715728759766,41.863209438645306,6.533493709885541,17.296978999555993,4.530308807228134,4.250177785092717,4.694849415952092,0.444671630859375,9.815481676434482,0.11993683590995817,0.10152536898351701,0.13288670228756755,2.2166360329331405,2.0437765785271704,0.3104334178735387
Ryugu,37,crater_37,-3.08,47.02,36.68008856450235,30.064064025878903,42.18169889682254,12.117634870943636,33.036002215847,3.801744710225781,3.7480836934544186,3.849066359470044,0.10098266601562544,2.6562190181788456,0.10364600683938836,0.08885568366087677,0.12802881061445315,2.1541545475713457,1.764843063146038,0.24670609225076473
Ryugu,38,crater_38,18.62,20.92,51.13036487919742,43.76683044433594,57.04380475092808,13.276974306592145,25.966907018873886,7.433557354424636,7.098264230113216,7.729194639236596,0.6309304091233798,8.487597243705055,0.14538439872250952,0.12443532231250283,0.1765993689917033,2.9772875779290118,2.4967549018544544,0.39737591119530885
Ryugu,39,crater_39,-69.03,170.39,70.3633035989941,62.44818878173828,77.88753270648655,15.439343924748272,21.942323818020665,10.516044668782628,10.226982168782628,10.673942618001377,0.4469604492187482,4.250271497472536,0.14945353800774308,0.13130448241726003,0.1709247750212214,4.063748873047577,2.5877693226885357,0.41292556011547565
Ryugu,40,crater_40,-19.49,150.94,43.41846711984496,38.75422668457031,48.9538574078483,10.199630723277984,23.491457437050126,2.933758414015756,2.784069693312631,3.027355826125131,0.2432861328125,8.292643717704337,0.0675693687185664,0.05687130372827961,0.07811679099586959,2.5388667890750987,1.1555385365785635,0.0627844335402225
Ryugu,41,crater_41,11.91,334.53,34.30666829009159,30.729469299316406,37.30497655237662,6.575507253060216,19.16684883958652,5.323518462646916,5.115693755615666,5.637696929443791,0.522003173828125,9.805604648332126,0.1551744523144047,0.1371316705810865,0.18346222886345795,2.0182322179163608,2.637713547226473,0.42122762987079415
Ryugu,42,crater_42,17.52,323.27,44.70113592290397,39.30409240722656,53.29369619587332,13.989603788646761,31.29585747613802,1.5402988880065702,1.4123352363770325,1.7314919830209303,0.3191567466438978,20.720442579618123,0.03445771245417841,0.026500981113905052,0.044053732753349964,2.6119163399201617,0.5897198407410141,-0.22935426042062376
Ryugu,43,crater_43,-15.38,328.28,36.13392054823891,35.09190368652344,38.78731024747898,3.69540656095554,10.226973726867417,4.612990765736602,4.606165000762644,4.624628135528269,0.018463134765625,0.40024217916848154,0.12766372139381452,0.11875443209063527,0.13178618569229386,2.1228968537237214,2.1729698066324175,0.33705369185019235
Ryugu,44,crater_44,-14.87,115.35,44.26185652641065,41.463645935058594,47.25304340274269,5.789397467684097,13.0798794312426,3.3153732743309283,3.18861342732572,3.38966323201322,0.2010498046875,6.064167985068699,0.07490361983240977,0.06747953565972101,0.08175024543963634,2.58690498310703,1.2815983949858736,0.10775195485032552
Ryugu,45,crater_45,55.75,357.5,36.967610420321854,32.282310485839844,41.87566378552148,9.593353299681638,25.950698978389944,3.809864369929471,3.808353749812284,3.8113749900466583,0.003021240234374112,0.07930046692003478,0.1030595249898844,0.09094431957706717,0.11806388491673982,2.170604872320277,1.7552086142038839,0.24432874166410928
Ryugu,46,crater_46,7.79,173.0,27.988892035833956,25.837554931640625,32.00424861169023,6.166693680049605,22.03264663765338,2.601345996343222,2.472215950770305,2.7155631187390554,0.24334716796875044,9.354663636087999,0.09294208548922692,0.07724649251309952,0.10510139701390946,1.6551920900540762,1.5716278563524517,0.19634971787006925
Ryugu,47,crater_47,-34.51,263.82,27.2774078717714,22.993640899658203,32.05707834078476,9.06343744112656,33.226901484675345,2.8609404184232026,2.5910948769566744,3.094663848336154,0.5035689713794795,17.601519001818982,0.10488314842349471,0.08082754296607693,0.13458781329328995,1.614183800886429,1.772375869992077,0.2485558286984224
Ryugu,48,crater_48,-10.68,176.31,32.57044716460515,27.95227432250977,37.38735427154549,9.435079949035721,28.96822355969672,4.5459346662458415,3.773656834214592,4.961400974839592,1.1877441406250004,26.127611323676863,0.13957237502056727,0.10093404328122305,0.17749543087605615,1.918649148210696,2.369341299572834,0.3746276246083288
Ryugu,49,crater_49,-28.57,9.83,27.21704720710257,22.799541473388672,30.720035947952656,7.920494474563984,29.101226206849688,1.6394762448405042,1.4382331621582125,1.7667243730957125,0.3284912109375,20.03635075355771,0.06023710920458212,0.046817430962481144,0.07748946947717393,1.6107034984915893,1.0178634654831633,0.007689526366142896
Ryugu,50,crater_50,-7.92,26.75,27.024111015609083,23.54828643798828,29.85482178975042,6.30653535176214,23.33669865447006,1.647163344108321,1.5052967463536788,1.8308590941575176,0.32556234780383875,19.765031134788842,0.06095161994993738,0.050420557086375516,0.07774914319047696,1.5995777649613196,1.0297488375928707,0.012731310385884737
Ryugu,51,crater_51,-6.3,319.67,32.140321930876986,29.090023040771484,33.74454894302998,4.654525902258499,14.481889485328793,1.7078850072959426,1.6846286623277251,1.7198459474839751,0.03521728515625,2.062040770063833,0.05313839142523302,0.04992298652952329,0.0591215051659981,1.893957989488443,0.9017544300215663,-0.04491171545906408
Ryugu,52,crater_52,-5.81,9.76,32.03307746859006,28.260704040527344,37.18879561353951,8.928091573012168,27.8714762319249,1.9094620100048207,1.8798764616454944,1.9681238027391716,0.08824734109367727,4.621581399959587,0.05960907165030079,0.050549538661614477,0.06964171168265228,1.8878003486409065,1.0114745509923808,0.004954960262910257
Ryugu,53,crater_53,52.36,57.31,28.48414389960603,24.85454559326172,30.90890673756223,6.054361144300511,21.25519785898937,3.6495909006263783,3.5604490549232537,3.742394855704504,0.18194580078125044,4.985375230687448,0.12812710515329395,0.1151916852043297,0.15057184777979202,1.6837214117454185,2.1675740862872646,0.33597395030781996
Ryugu,54,crater_54,37.1,73.44,23.624967931558444,21.084217071533203,25.750228147290105,4.666011075756902,19.750338240772816,1.3327309504855596,1.3208087499647263,1.3427203710584763,0.02191162109375,1.6441143717542424,0.056411968657332466,0.05129308922661818,0.06368367231768575,1.4032158750300736,0.9497690086046073,-0.02238200574957447
Ryugu,55,crater_55,79.0,209.0,35.39366567700794,34.045066833496094,37.01204907181844,2.9669822383223448,8.38280574099937,3.507298020424514,3.434208420815139,3.556492356362014,0.122283935546875,3.4865567406807956,0.09909394670874366,0.09278622791597885,0.10446424951243949,2.0805119838848802,1.6857860217057905,0.22680244840853975
Ryugu,56,crater_56,21.44,13.71,22.85746246859997,18.9641227722168,27.4353659370769,8.471243164860098,37.06117061986787,3.5028009179765527,3.414228733731761,3.632398899747386,0.218170166015625,6.228448922003092,0.15324539733089196,0.12444626186369469,0.1915405707596977,1.358781543844805,2.5778985105030463,0.4112658155790177
Ryugu,57,crater_57,-0.89,4.52,19.90635786431721,16.71525001525879,23.487247237192456,6.771997221933667,34.01926795495167,0.6652640540794437,0.5877494056419437,0.7396048743919437,0.15185546875,22.826345090917226,0.03341967720132023,0.02502419290376577,0.04424731150995548,1.1875592329738645,0.5601944186089155,-0.25166122250178413
Ryugu,58,crater_58,4.61,301.74,26.51123445638437,21.20590209960937,29.88563033862164,8.67972823901227,32.739811694894655,2.080495654045384,2.0599674964933,2.091614225008925,0.031646728515625,1.5211148580911507,0.07847600071087464,0.06892836032409776,0.09863358866715952,1.5699925968216288,1.325162716217416,0.12226920839855537
Ryugu,59,crater_59,-24.0,346.55,27.970536954852324,19.30997085571289,34.63695652417821,15.32698566846532,54.79689465098523,3.256559788098874,3.241982558281165,3.2744837789842904,0.032501220703125444,0.9980231538171489,0.11642821849846277,0.09359894412253311,0.16957476546452313,1.6541344853141557,1.968739432622604,0.29418824002713184
Ryugu,60,crater_60,-19.26,102.14,26.31462512874425,22.17877578735352,30.11746703097377,7.9386912436202515,30.168361528162457,3.232573583893933,3.2022594562897666,3.2687267414460166,0.06646728515625,2.0561723787949795,0.12284323139997524,0.10632565656987224,0.14738084612000388,1.5586473496154454,2.0739608511774548,0.3168005542333151
Ryugu,61,crater_61,-2.08,263.1,27.041559941910304,22.21846008300781,31.923998856579622,9.705538773571813,35.89119412645165,1.590288257961845,1.5228363535044878,1.6382964367530235,0.11546008324853574,7.2603242003756225,0.05880904287245427,0.047701929834852975,0.07373582285326591,1.600584047138601,0.9935674798239043,-0.002802631704692915
Ryugu,62,crater_62,37.02,78.22,33.03485881326659,28.92244911193848,37.73199963570652,8.809550523768042,26.667438094907745,3.5558200292206266,3.530581992111252,3.591769736251877,0.061187744140625,1.7207773070010037,0.10763842065499102,0.09356996783097056,0.12418622373059279,1.9452991068283771,1.8279040054760776,0.2619533845123039
Ryugu,63,crater_63,31.21,208.26,29.669688555601947,24.831871032714844,34.476072507513244,9.6442014747984,32.50523326769965,3.994049549922579,3.989929676875704,3.999207020625704,0.00927734375,0.23227913509935882,0.1346171714083753,0.11573040043949882,0.16105137689209698,1.7519642017167447,2.279755229021701,0.35788822051286046
Ryugu,64,crater_64,8.4,225.72,53.4609066862315,47.67452239990234,60.04126423151597,12.36674183161363,23.132308443991658,2.582784966061581,2.450521782467831,2.756063774655331,0.3055419921875,11.829943111888742,0.04831165661331292,0.04081396042925991,0.05780999233798254,3.1094320895811864,0.8306291604552971,-0.0805928264135658
Ryugu,65,crater_65,25.81,196.97,33.292442007410564,29.44435691833496,36.27644347556701,6.832086557232046,20.521434131240035,1.692197698322616,1.5282941174997404,1.802851270960616,0.2745571534608755,16.224886355360795,0.05082828402752642,0.04212910558691015,0.06122909309790301,1.9600761933567037,0.8633326112821482,-0.06382185386193545
Ryugu,66,crater_66,-69.0,211.0,22.961334725121485,19.953527450561523,25.430561143962105,5.477033693400582,23.853289710585862,1.3835232132540607,1.312803812212394,1.443083353228019,0.130279541015625,9.416505611727771,0.06025447692029761,0.051623076847601874,0.0723222175529374,1.3647973885435492,1.01372058949387,0.00591826746009444
Ryugu,67,crater_67,-31.59,174.66,14.10871694959298,9.360965728759766,17.99668467559944,8.635718946839674,61.20839320607963,1.0128808051634337,0.8500769653569478,1.3250302328232806,0.4749532674663328,46.89132867807645,0.07179113513880893,0.047235198075649625,0.14154845463779236,0.849162020260812,1.1928004091048927,0.07656777939863275
Ryugu,68,crater_68,-6.96,195.4,18.87340816356382,14.161548614501951,23.02022109225125,8.8586724777493,46.937322612730156,0.9059386264748924,0.8772215854592673,0.9422545444436424,0.06503295898437511,7.178517074321641,0.04800079660354393,0.03810656648100333,0.06653612327953588,1.127478125114583,0.8035088276172312,-0.09500934756971921
Ryugu,69,crater_69,9.65,149.1,20.12220600002314,16.714385986328125,21.9368838104857,5.222497824157575,25.953902987334338,2.0009952979624663,1.88215438474532,2.212690273417195,0.330535888671875,16.51857398208014,0.09944214356816371,0.08579862121737004,0.13238238456543425,1.2001037011563733,1.6673519930272567,0.22202729298475274
Ryugu,70,crater_70,-8.37,201.1,17.386210566776036,14.958023071289062,19.21448530880593,4.2564622375168675,24.481828407454707,1.0676116532633653,1.0605519201904483,1.0794117834716983,0.01885986328125,1.7665471544452624,0.06140565531303897,0.05519543735602437,0.07216273021690667,1.0408260954584627,1.0257349022298523,0.011035133314778487
Ryugu,71,crater_71,-12.89,221.27,16.232707762096354,13.269180297851562,18.47928099752276,5.210100699671198,32.09631304911969,1.383627649863134,1.321793567336215,1.4174743786265935,0.09568081129037864,6.915213879965699,0.08523702084343117,0.07152840889823624,0.10682456239260683,0.9734864013179907,1.4213117389106393,0.152689342980472
Ryugu,72,crater_72,52.43,100.93,18.717052483760146,15.418869018554688,20.953165779824342,5.534296761269655,29.568206671811645,1.3572330646058883,1.2888635170798466,1.3970178139548466,0.108154296875,7.968734309195872,0.07251318367480628,0.06151163650510914,0.09060442839703156,1.1183765089968791,1.2135743675654007,0.08406639495198856
Ryugu,73,crater_73,23.18,141.89,15.97716761142292,15.203598022460938,16.83213432395235,1.6285363014914118,10.192897396451453,1.1213280450174732,1.1009931654601814,1.1436262221008064,0.042633056640625,3.802014658427692,0.07018315588150785,0.06541019363738404,0.07522076158625594,0.9585520262404735,1.1698144850993866,0.06811699466432317
Ryugu,74,crater_74,17.15,137.76,11.309619702725804,8.874526977539062,15.024076298223132,6.14954932068407,54.374501374276335,0.6703483306613975,0.6636954986301475,0.6736747466770225,0.009979248046875,1.4886660547105413,0.05927240245751434,0.04417546113691139,0.07591105964093141,0.6845694726379881,0.9792261522825589,-0.00911699630111168
Ryugu,75,crater_75,19.01,224.05,22.99819702670943,19.046850204467773,25.887735220762703,6.84088501629493,29.745310070829145,1.248204553697235,1.160238883330578,1.316256255758674,0.1560173724280962,12.499343314039843,0.054274017752244094,0.04481809140260493,0.06910624285006048,1.3669321299953812,0.913143034907997,-0.03946118916250166
Ryugu,76,crater_76,-35.88,231.29,16.175779446384666,12.12713623046875,18.515348499388622,6.388212268919872,39.49245407365922,0.9719322961056492,0.9329308312618992,1.0415123742306491,0.10858154296874989,11.171718791917483,0.060085654563179575,0.05038689016805191,0.08588279660072654,0.9701599010319917,1.0018269102565178,0.0007926931739665102
Ryugu,77,crater_77,3.4,314.61,15.448300667450974,12.534744262695312,17.8962113213322,5.361467058636887,34.70586942894832,0.1926422665382764,0.0816133346179981,0.3666654624100829,0.2850521277920848,147.9696708901872,0.012470126694528084,0.004560369407390457,0.02925193005343691,0.9276241758852025,0.20767275319710587,-0.6826204794512761
